<application>
  <component name="ExternalResourceManagerImpl">
    <resource url="urn:jboss:cli:1.0" location="D:/Program Files/jboss-as-7.1.1.Final/docs/schema/jboss-as-cli_1_0.xsd" />
    <resource url="urn:jboss:domain:1.0" location="D:/Program Files/jboss-as-7.1.1.Final/docs/schema/jboss-as-config_1_0.xsd" />
    <resource url="urn:jboss:domain:1.1" location="D:/Program Files/jboss-as-7.1.1.Final/docs/schema/jboss-as-config_1_1.xsd" />
    <resource url="urn:jboss:domain:1.2" location="D:/Program Files/jboss-as-7.1.1.Final/docs/schema/jboss-as-config_1_2.xsd" />
    <resource url="urn:jboss:domain:cmp:1.0" location="D:/Program Files/jboss-as-7.1.1.Final/docs/schema/jboss-as-cmp_1_0.xsd" />
    <resource url="urn:jboss:domain:configadmin:1.0" location="D:/Program Files/jboss-as-7.1.1.Final/docs/schema/jboss-as-configadmin_1_0.xsd" />
    <resource url="urn:jboss:domain:datasources:1.0" location="D:/Program Files/jboss-as-7.1.1.Final/docs/schema/jboss-as-datasources_1_0.xsd" />
    <resource url="urn:jboss:domain:deployment-scanner:1.0" location="D:/Program Files/jboss-as-7.1.1.Final/docs/schema/jboss-as-deployment-scanner_1_0.xsd" />
    <resource url="urn:jboss:domain:deployment-scanner:1.1" location="D:/Program Files/jboss-as-7.1.1.Final/docs/schema/jboss-as-deployment-scanner_1_1.xsd" />
    <resource url="urn:jboss:domain:ee:1.0" location="D:/Program Files/jboss-as-7.1.1.Final/docs/schema/jboss-as-ee_1_0.xsd" />
    <resource url="urn:jboss:domain:ejb3:1.0" location="D:/Program Files/jboss-as-7.1.1.Final/docs/schema/jboss-as-ejb3_1_0.xsd" />
    <resource url="urn:jboss:domain:ejb3:1.1" location="D:/Program Files/jboss-as-7.1.1.Final/docs/schema/jboss-as-ejb3_1_1.xsd" />
    <resource url="urn:jboss:domain:ejb3:1.2" location="D:/Program Files/jboss-as-7.1.1.Final/docs/schema/jboss-as-ejb3_1_2.xsd" />
    <resource url="urn:jboss:domain:infinispan:1.0" location="D:/Program Files/jboss-as-7.1.1.Final/docs/schema/jboss-as-infinispan_1_0.xsd" />
    <resource url="urn:jboss:domain:infinispan:1.1" location="D:/Program Files/jboss-as-7.1.1.Final/docs/schema/jboss-as-infinispan_1_1.xsd" />
    <resource url="urn:jboss:domain:infinispan:1.2" location="D:/Program Files/jboss-as-7.1.1.Final/docs/schema/jboss-as-infinispan_1_2.xsd" />
    <resource url="urn:jboss:domain:jacorb:1.0" location="D:/Program Files/jboss-as-7.1.1.Final/docs/schema/jboss-as-jacorb_1_0.xsd" />
    <resource url="urn:jboss:domain:jacorb:1.1" location="D:/Program Files/jboss-as-7.1.1.Final/docs/schema/jboss-as-jacorb_1_1.xsd" />
    <resource url="urn:jboss:domain:jaxr:1.0" location="D:/Program Files/jboss-as-7.1.1.Final/docs/schema/jboss-as-jaxr_1_0.xsd" />
    <resource url="urn:jboss:domain:jaxr:1.1" location="D:/Program Files/jboss-as-7.1.1.Final/docs/schema/jboss-as-jaxr_1_1.xsd" />
    <resource url="urn:jboss:domain:jaxrs:1.0" location="D:/Program Files/jboss-as-7.1.1.Final/docs/schema/jboss-as-jaxrs_1_0.xsd" />
    <resource url="urn:jboss:domain:jca:1.0" location="D:/Program Files/jboss-as-7.1.1.Final/docs/schema/jboss-as-jca_1_0.xsd" />
    <resource url="urn:jboss:domain:jca:1.1" location="D:/Program Files/jboss-as-7.1.1.Final/docs/schema/jboss-as-jca_1_1.xsd" />
    <resource url="urn:jboss:domain:jdr:1.0" location="D:/Program Files/jboss-as-7.1.1.Final/docs/schema/jboss-as-jdr_1_0.xsd" />
    <resource url="urn:jboss:domain:jgroups:1.0" location="D:/Program Files/jboss-as-7.1.1.Final/docs/schema/jboss-as-jgroups_1_0.xsd" />
    <resource url="urn:jboss:domain:jgroups:1.1" location="D:/Program Files/jboss-as-7.1.1.Final/docs/schema/jboss-as-jgroups_1_1.xsd" />
    <resource url="urn:jboss:domain:jmx:1.0" location="D:/Program Files/jboss-as-7.1.1.Final/docs/schema/jboss-as-jmx_1_0.xsd" />
    <resource url="urn:jboss:domain:jmx:1.1" location="D:/Program Files/jboss-as-7.1.1.Final/docs/schema/jboss-as-jmx_1_1.xsd" />
    <resource url="urn:jboss:domain:jpa:1.0" location="D:/Program Files/jboss-as-7.1.1.Final/docs/schema/jboss-as-jpa_1_0.xsd" />
    <resource url="urn:jboss:domain:jsr77:1.0" location="D:/Program Files/jboss-as-7.1.1.Final/docs/schema/jboss-as-jsr77_1_0.xsd" />
    <resource url="urn:jboss:domain:logging:1.0" location="D:/Program Files/jboss-as-7.1.1.Final/docs/schema/jboss-as-logging_1_0.xsd" />
    <resource url="urn:jboss:domain:logging:1.1" location="D:/Program Files/jboss-as-7.1.1.Final/docs/schema/jboss-as-logging_1_1.xsd" />
    <resource url="urn:jboss:domain:mail:1.0" location="D:/Program Files/jboss-as-7.1.1.Final/docs/schema/jboss-as-mail_1_0.xsd" />
    <resource url="urn:jboss:domain:messaging:1.0" location="D:/Program Files/jboss-as-7.1.1.Final/docs/schema/jboss-as-messaging_1_0.xsd" />
    <resource url="urn:jboss:domain:messaging:1.1" location="D:/Program Files/jboss-as-7.1.1.Final/docs/schema/jboss-as-messaging_1_1.xsd" />
    <resource url="urn:jboss:domain:modcluster:1.0" location="D:/Program Files/jboss-as-7.1.1.Final/docs/schema/jboss-as-mod-cluster_1_0.xsd" />
    <resource url="urn:jboss:domain:naming:1.0" location="D:/Program Files/jboss-as-7.1.1.Final/docs/schema/jboss-as-naming_1_0.xsd" />
    <resource url="urn:jboss:domain:naming:1.1" location="D:/Program Files/jboss-as-7.1.1.Final/docs/schema/jboss-as-naming_1_1.xsd" />
    <resource url="urn:jboss:domain:osgi:1.0" location="D:/Program Files/jboss-as-7.1.1.Final/docs/schema/jboss-as-osgi_1_0.xsd" />
    <resource url="urn:jboss:domain:osgi:1.1" location="D:/Program Files/jboss-as-7.1.1.Final/docs/schema/jboss-as-osgi_1_1.xsd" />
    <resource url="urn:jboss:domain:osgi:1.2" location="D:/Program Files/jboss-as-7.1.1.Final/docs/schema/jboss-as-osgi_1_2.xsd" />
    <resource url="urn:jboss:domain:pojo:1.0" location="D:/Program Files/jboss-as-7.1.1.Final/docs/schema/jboss-as-pojo_1_0.xsd" />
    <resource url="urn:jboss:domain:remoting:1.0" location="D:/Program Files/jboss-as-7.1.1.Final/docs/schema/jboss-as-remoting_1_0.xsd" />
    <resource url="urn:jboss:domain:remoting:1.1" location="D:/Program Files/jboss-as-7.1.1.Final/docs/schema/jboss-as-remoting_1_1.xsd" />
    <resource url="urn:jboss:domain:resource-adapters:1.0" location="D:/Program Files/jboss-as-7.1.1.Final/docs/schema/jboss-as-resource-adapters_1_0.xsd" />
    <resource url="urn:jboss:domain:sar:1.0" location="D:/Program Files/jboss-as-7.1.1.Final/docs/schema/jboss-as-sar_1_0.xsd" />
    <resource url="urn:jboss:domain:security:1.0" location="D:/Program Files/jboss-as-7.1.1.Final/docs/schema/jboss-as-security_1_0.xsd" />
    <resource url="urn:jboss:domain:security:1.1" location="D:/Program Files/jboss-as-7.1.1.Final/docs/schema/jboss-as-security_1_1.xsd" />
    <resource url="urn:jboss:domain:threads:1.0" location="D:/Program Files/jboss-as-7.1.1.Final/docs/schema/jboss-as-threads_1_0.xsd" />
    <resource url="urn:jboss:domain:threads:1.1" location="D:/Program Files/jboss-as-7.1.1.Final/docs/schema/jboss-as-threads_1_1.xsd" />
    <resource url="urn:jboss:domain:transactions:1.0" location="D:/Program Files/jboss-as-7.1.1.Final/docs/schema/jboss-as-txn_1_0.xsd" />
    <resource url="urn:jboss:domain:transactions:1.1" location="D:/Program Files/jboss-as-7.1.1.Final/docs/schema/jboss-as-txn_1_1.xsd" />
    <resource url="urn:jboss:domain:web:1.0" location="D:/Program Files/jboss-as-7.1.1.Final/docs/schema/jboss-as-web_1_0.xsd" />
    <resource url="urn:jboss:domain:web:1.1" location="D:/Program Files/jboss-as-7.1.1.Final/docs/schema/jboss-as-web_1_1.xsd" />
    <resource url="urn:jboss:domain:webservices:1.0" location="D:/Program Files/jboss-as-7.1.1.Final/docs/schema/jboss-as-webservices_1_0.xsd" />
    <resource url="urn:jboss:domain:webservices:1.1" location="D:/Program Files/jboss-as-7.1.1.Final/docs/schema/jboss-as-webservices_1_1.xsd" />
    <resource url="urn:jboss:domain:weld:1.0" location="D:/Program Files/jboss-as-7.1.1.Final/docs/schema/jboss-as-weld_1_0.xsd" />
    <resource url="urn:jboss:domain:xts:1.0" location="D:/Program Files/jboss-as-7.1.1.Final/docs/schema/jboss-xts.xsd" />
    <resource url="urn:jboss:ejb-client:1.0" location="D:/Program Files/jboss-as-7.1.1.Final/docs/schema/jboss-ejb-client_1_0.xsd" />
    <resource url="urn:jboss:ejb-client:1.1" location="D:/Program Files/jboss-as-7.1.1.Final/docs/schema/jboss-ejb-client_1_1.xsd" />
    <resource url="urn:jboss:jbossws-jaxws-config:4.0" location="D:/Program Files/jboss-as-7.1.1.Final/docs/schema/jbossws-jaxws-config_4_0.xsd" />
    <resource url="urn:jboss:messaging-deployment:1.0" location="D:/Program Files/jboss-as-7.1.1.Final/docs/schema/jboss-as-messaging-deployment_1_0.xsd" />
    <resource url="urn:jboss:pojo:7.0" location="D:/Program Files/jboss-as-7.1.1.Final/docs/schema/jboss-pojo_7_0.xsd" />
    <resource url="urn:jboss:service:7.0" location="D:/Program Files/jboss-as-7.1.1.Final/docs/schema/jboss-service_7_0.xsd" />
  </component>
</application>