<application>
  <component name="ProjectManager">
    <defaultProject>
      <component name="MavenImportPreferences">
        <option name="generalSettings">
          <MavenGeneralSettings>
            <option name="mavenHome" value="D:/apache-maven-3.2.5" />
            <option name="userSettingsFile" value="D:\apache-maven-3.2.5\conf\settings.xml" />
          </MavenGeneralSettings>
        </option>
        <option name="importingSettings">
          <MavenImportingSettings>
            <option name="importAutomatically" value="true" />
            <option name="vmOptionsForImporter" value="-Xmx768m" />
          </MavenImportingSettings>
        </option>
      </component>
      <component name="ProjectRootManager" version="2" languageLevel="JDK_1_6" project-jdk-name="1.6" project-jdk-type="JavaSDK" />
      <component name="PropertiesComponent">
        <property name="last.edited.regexp" value="Sample Text" />
        <property name="nodejs_interpreter_path.stuck_in_default_project" value="undefined stuck path" />
        <property name="nodejs_npm_path_reset_for_default_project" value="true" />
        <property name="project.structure.last.edited" value="Problems" />
        <property name="project.structure.proportion" value="0.15" />
        <property name="project.structure.side.proportion" value="0.2" />
        <property name="settings.editor.selected.configurable" value="reference.settings.project.maven.importing" />
      </component>
      <component name="RunDashboard">
        <option name="ruleStates">
          <list>
            <RuleState>
              <option name="name" value="ConfigurationTypeDashboardGroupingRule" />
            </RuleState>
            <RuleState>
              <option name="name" value="StatusDashboardGroupingRule" />
            </RuleState>
          </list>
        </option>
      </component>
      <component name="RunManager">
        <configuration default="true" type="#com.intellij.j2ee.web.tomcat.TomcatRunConfigurationFactory" factoryName="Local" APPLICATION_SERVER_NAME="Tomcat 7.0.90-access" ALTERNATIVE_JRE_ENABLED="false">
          <option name="UPDATING_POLICY" value="restart-server" />
          <deployment />
          <server-settings>
            <option name="BASE_DIRECTORY_NAME" value="_Default_(Template)_Project" />
          </server-settings>
          <predefined_log_file enabled="true" id="Tomcat" />
          <predefined_log_file enabled="true" id="Tomcat Catalina" />
          <predefined_log_file id="Tomcat Manager" />
          <predefined_log_file id="Tomcat Host Manager" />
          <predefined_log_file id="Tomcat Localhost Access" />
          <RunnerSettings RunnerId="Debug">
            <option name="DEBUG_PORT" value="54848" />
          </RunnerSettings>
          <ConfigurationWrapper VM_VAR="JAVA_OPTS" RunnerId="Cover">
            <option name="USE_ENV_VARIABLES" value="true" />
            <STARTUP>
              <option name="USE_DEFAULT" value="true" />
              <option name="SCRIPT" value="" />
              <option name="VM_PARAMETERS" value="" />
              <option name="PROGRAM_PARAMETERS" value="" />
            </STARTUP>
            <SHUTDOWN>
              <option name="USE_DEFAULT" value="true" />
              <option name="SCRIPT" value="" />
              <option name="VM_PARAMETERS" value="" />
              <option name="PROGRAM_PARAMETERS" value="" />
            </SHUTDOWN>
          </ConfigurationWrapper>
          <ConfigurationWrapper VM_VAR="JAVA_OPTS" RunnerId="Debug">
            <option name="USE_ENV_VARIABLES" value="true" />
            <STARTUP>
              <option name="USE_DEFAULT" value="true" />
              <option name="SCRIPT" value="" />
              <option name="VM_PARAMETERS" value="" />
              <option name="PROGRAM_PARAMETERS" value="" />
            </STARTUP>
            <SHUTDOWN>
              <option name="USE_DEFAULT" value="true" />
              <option name="SCRIPT" value="" />
              <option name="VM_PARAMETERS" value="" />
              <option name="PROGRAM_PARAMETERS" value="" />
            </SHUTDOWN>
          </ConfigurationWrapper>
          <ConfigurationWrapper VM_VAR="JAVA_OPTS" RunnerId="Run">
            <option name="USE_ENV_VARIABLES" value="true" />
            <STARTUP>
              <option name="USE_DEFAULT" value="true" />
              <option name="SCRIPT" value="" />
              <option name="VM_PARAMETERS" value="" />
              <option name="PROGRAM_PARAMETERS" value="" />
            </STARTUP>
            <SHUTDOWN>
              <option name="USE_DEFAULT" value="true" />
              <option name="SCRIPT" value="" />
              <option name="VM_PARAMETERS" value="" />
              <option name="PROGRAM_PARAMETERS" value="" />
            </SHUTDOWN>
          </ConfigurationWrapper>
          <method v="2">
            <option name="Make" enabled="true" />
          </method>
        </configuration>
      </component>
      <component name="masterDetails">
        <states>
          <state key="GlobalLibrariesConfigurable.UI">
            <settings>
              <splitter-proportions>
                <option name="proportions">
                  <list>
                    <option value="0.2" />
                  </list>
                </option>
              </splitter-proportions>
            </settings>
          </state>
          <state key="JdkListConfigurable.UI">
            <settings>
              <last-edited>1.6</last-edited>
              <splitter-proportions>
                <option name="proportions">
                  <list>
                    <option value="0.2" />
                  </list>
                </option>
              </splitter-proportions>
            </settings>
          </state>
          <state key="ProjectJDKs.UI">
            <settings>
              <last-edited>1.6</last-edited>
              <splitter-proportions>
                <option name="proportions">
                  <list>
                    <option value="0.2" />
                  </list>
                </option>
              </splitter-proportions>
            </settings>
          </state>
          <state key="ProjectLibrariesConfigurable.UI">
            <settings>
              <splitter-proportions>
                <option name="proportions">
                  <list>
                    <option value="0.2" />
                  </list>
                </option>
              </splitter-proportions>
            </settings>
          </state>
          <state key="ScopeChooserConfigurable.UI">
            <settings>
              <splitter-proportions>
                <option name="proportions">
                  <list>
                    <option value="0.2" />
                  </list>
                </option>
              </splitter-proportions>
            </settings>
          </state>
        </states>
      </component>
    </defaultProject>
  </component>
</application>