<application>
  <component name="GitRememberedInputs">
    <option name="visitedUrls">
      <list>
        <UrlAndUserName>
          <option name="url" value="https://github.com/zhaoxingjian-carson/shop" />
          <option name="userName" value="" />
        </UrlAndUserName>
        <UrlAndUserName>
          <option name="url" value="http://github.com" />
          <option name="userName" value="zhaoxingjian-carson" />
        </UrlAndUserName>
        <UrlAndUserName>
          <option name="url" value="http://mbasit3.ftcwifi.com/gitlab/ewa/bocbill" />
          <option name="userName" value="" />
        </UrlAndUserName>
        <UrlAndUserName>
          <option name="url" value="http://mbasit3.ftcwifi.com" />
          <option name="userName" value="xingjian.zhao" />
        </UrlAndUserName>
      </list>
    </option>
    <option name="cloneParentDir" value="D:\" />
  </component>
</application>