<application>
  <component name="AppStorage">
    <histories>
      <item value="gather" />
      <item value="logout" />
      <item value="login" />
      <item value="收银员" />
      <item value="DEFAULT" />
      <item value="收集" />
      <item value="Acquirer" />
      <item value="dummy" />
      <item value="Mandatory" />
      <item value="provided" />
      <item value="Construction" />
      <item value="建设" />
      <item value="build" />
      <item value="target" />
      <item value="love" />
      <item value="Syntax" />
      <item value="Data access object found - " />
      <item value="cust Cin" />
      <item value="Typo: In word 'cust' Inspection info: Spellchecker inspection helps locate typos and misspelling in your code, comments and literals, and fix them in one click." />
      <item value="custom" />
      <item value="customer" />
      <item value="顾客" />
      <item value="custotmer" />
      <item value="客户" />
      <item value="under construction" />
      <item value="under const" />
      <item value="under " />
      <item value="2019-09-22 21:45:51,545 DEBUG org.apache.ibatis.logging.jdbc.BaseJdbcLogger:139 - ==&gt; Preparing: INSERT INTO MER_AUTH_BUSINESS_INFO ( ID,COMPANY_NAME_CN,COMPANY_NAME_EN,BRNO,COMPANY_CATEGORY,COMPANY_NATURE,EMAIL,REGISTER_ADDRESS1, REGISTER_ADDRESS2,REGISTER_ADDRESS3,REGISTER_ADDRESS4,BUSINESS_ADDRESS1,BUSINESS_ADDRESS2,BUSINESS_ADDRESS3, BUSINESS_ADDRESS4,CONTACT_ADDRESS1,CONTACT_ADDRESS2,CONTACT_ADDRESS3,CONTACT_ADDRESS4,ANNUAL_TURNOVER,BUYERS_COUNTRY, SUPPLIER_COUNTRY,TRANSACTION_AMT,TRANSACTION_TIME,PAY_TYPE,NID_REGION,NID_TYPE,NID,USER_ID,REGISTER_TYPE,FPS_ID,PHYSIC_FLAG, STATUS,BUSS_CIN,EMPLOYE_NUM,MAIN_CHANNEL,ACCOUNT_NAME,COMPANY_MOBILE,BRANCHBANK_CN,BRANCHBANK_EN,AML_TIME,AML_VERSION,AML_STATUS, F_S1,F_S2,F_S3,F_S4,F_D1,F_D2,F_N1,F_N2,CREATE_TIME,UPDATE_TIME,BUYERS_COUNTRY2,SUPPLIER_COUNTRY2 ) VALUES (?,?,?, ?,?,?,?, ?,?,?, ?,?,?,?, ?,?,?,?, ?,?,?,?, ?,?,?,?, ?,?,?,? ,?,?,?,?, ?,?,?,?, ?,?,?,?, ?,?,?,?,?, ?,?,?,?,?, ?,?,? ) 2019-09-22 21:45:51,546 DEBUG org.apache.ibatis.logging.jdbc.BaseJdbcLogger:139 - ==&gt; Parameters: 216(Long), 品如国际贸易有限公司(String), Pingru international trade co.LTD(String), 42979644919(String), S(String), 1501(String), pingru.lin@google.cn(String), 马哥子罗 一楼178号铺(String), 尖沙咀广东道3号(String), Hong Kong(String), null, 马哥子罗 一楼178号铺(String), 尖沙咀广东道3号(String), Hong Kong(String), null, 马哥子罗 一楼178号铺(String), 尖沙咀广东道3号(String), Hong Kong(String), null, 0-1000(String), 香港(String), 香港(String), 600000001-800(String), 0-1000(String), FPS(String), null, null, null, null, 2(String), null, 1(Integer), 1(String), (String), 51-200(String), 小商户收款钱包Apps(String), Pingru Int.LTD(String), 852-26925879(String), 123 分行(String), 123 branch(String), null, null, null, null, null, null, null, null, null, null, null, 2019-09-22 21:45:51.511(Timestamp), 2019-09-22 21:45:51.511(Timestamp), HK(String), HK(String) 2019-09-22 21:45:51,559 DEBUG org.apache.ibatis.logging.jdbc.BaseJdbcLogger:139 - &lt;== Updates: 1" />
      <item value="2019-09-22 21:45:51,545 DEBUG org.apache.ibatis.logging.jdbc.BaseJdbcLogger:139 - ==&gt; Preparing: INSERT INTO MER_AUTH_BUSINESS_INFO ( ID,COMPANY_NAME_CN,COMPANY_NAME_EN,BRNO,COMPANY_CATEGORY,COMPANY_NATURE,EMAIL,REGISTER_ADDRESS1, REGISTER_ADDRESS2,REGISTER_ADDRESS3,REGISTER_ADDRESS4,BUSINESS_ADDRESS1,BUSINESS_ADDRESS2,BUSINESS_ADDRESS3, BUSINESS_ADDRESS4,CONTACT_ADDRESS1,CONTACT_ADDRESS2,CONTACT_ADDRESS3,CONTACT_ADDRESS4,ANNUAL_TURNOVER,BUYERS_COUNTRY, SUPPLIER_COUNTRY,TRANSACTION_AMT,TRANSACTION_TIME,PAY_TYPE,NID_REGION,NID_TYPE,NID,USER_ID,REGISTER_TYPE,FPS_ID,PHYSIC_FLAG, STATUS,BUSS_CIN,EMPLOYE_NUM,MAIN_CHANNEL,ACCOUNT_NAME,COMPANY_MOBILE,BRANCHBANK_CN,BRANCHBANK_EN,AML_TIME,AML_VERSION,AML_STATUS, F_S1,F_S2,F_S3,F_S4,F_D1,F_D2,F_N1,F_N2,CREATE_TIME,UPDATE_TIME,BUYERS_COUNTRY2,SUPPLIER_COUNTRY2 ) VALUES (?,?,?, ?,?,?,?, ?,?,?, ?,?,?,?, ?,?,?,?, ?,?,?,?, ?,?,?,?, ?,?,?,? ,?,?,?,?, ?,?,?,?, ?,?,?,?, ?,?,?,?,?, ?,?,?,?,?, ?,?,? ) 2019-09-22 21:45:51,546 DEBUG org.apache.ibatis.logging.jdbc.BaseJdbcLogger:139 - ==&gt; Parameters: 216(Long), 品如国际贸易有限公司(String), Pingru international trade co.LTD(String), 42979644919(String), S(String), 1501(String), pingru.lin@google.cn(String), 马哥子罗 一楼178号铺(String), 尖沙咀广东道3号(String), Hong Kong(String), null, 马哥子罗 一楼178号铺(String), 尖沙咀广东道3号(String), Hong Kong(String), null, 马哥子罗 一楼178号铺(String), 尖沙咀广东道3号(String), Hong Kong(String), null, 0-1000(String), 香港(String), 香港(String), 600000001-800(String), 0-1000(String), FPS(String), null, null, null, null, 2(String), null, 1(Integer), 1(String), (String), 51-200(String), 小商户收款钱包Apps(String), Pingru Int.LTD(String), 852-26925879(String), 123 分行(String), 123 branch(String), null, null, null, null, null, null, null, null, null, null, null, 2019-09-22 21:45:51.511(Timestamp), 2019-09-22 21:45:51.511(Timestamp), HK(String), HK(String)&#10;2019-09-22 21:45:51,559 DEBUG org.apache.ibatis.logging.jdbc.BaseJdbcLogger:139 - &lt;== Updates: 1" />
      <item value="Would you like to assign shortcut to 'Mute Breakpoints' action cause we noticed it was used 9 time(s) by mouse?" />
      <item value="平台" />
      <item value="台" />
    </histories>
    <option name="languageScores">
      <map>
        <entry key="CHINESE" value="19" />
        <entry key="ENGLISH" value="19" />
        <entry key="CHINESE_TRADITIONAL" value="5" />
        <entry key="INDONESIAN" value="3" />
      </map>
    </option>
  </component>
  <component name="Settings">
    <option name="ignoreRegExp" value="" />
  </component>
</application>